,pos,neg,sum,pos_pct
A,38382,17306,55688,0.6892328688406838
B,46087,9339,55426,0.8315050698228268
C,2552,655,3207,0.7957592765824758
