,pos,neg,sum,pos_pct
A,2774,1015,3789,0.7321192926893639
B,6221,1929,8150,0.7633128834355828
C,16689,4183,20872,0.7995879647374473
D,19602,6731,26333,0.744389169483158
E,41735,13442,55177,0.7563840005799518
