,pos,neg,sum,pos_pct
A,217,10,227,0.9559471365638766
B,47,6,53,0.8867924528301887
C,83977,26607,110584,0.7593955725963973
