,pos,neg,sum,pos_pct
A,1831,482,2313,0.7916126242974492
B,179,26,205,0.8731707317073171
C,24921,7257,32178,0.7744732425881037
D,3772,1453,5225,0.7219138755980862
E,2051,922,2973,0.6898755465859401
F,2088,501,2589,0.8064889918887601
G,6298,2430,8728,0.7215857011915674
