,pos,neg,sum,pos_pct
A,63692,24655,88347,0.7209299693255006
B,17262,1685,18947,0.9110677152055734
C,3287,283,3570,0.9207282913165266
