,pos,neg,sum,pos_pct
A,35,3.0,38.0,0.9210526315789473
B,41,9.0,50.0,0.82
C,46086,9339.0,55425.0,0.8315020297699593
D,2511,646.0,3157.0,0.7953753563509661
E,3326,1975.0,5301.0,0.6274287870213168
F,3174,1148.0,4322.0,0.7343822304488663
G,2626,1320.0,3946.0,0.6654840344652813
H,1,,1.0,1.0
I,27209,11862.0,39071.0,0.6963988636072791
J,2012,998.0,3010.0,0.6684385382059801
