,pos,neg,sum,pos_pct
A,53323,17030,70353,0.7579349850041931
B,11739,6525,18264,0.6427398160315374
C,21959,3745,25704,0.8543028322440087
