,pos,neg,sum,pos_pct
A,,1.0,1.0,
B,23392.0,6863.0,30255.0,0.7731614609155512
C,6349.0,2598.0,8947.0,0.7096233374315413
D,1.0,,1.0,1.0
F,57260.0,17834.0,75094.0,0.762510986230591
G,4.0,1.0,5.0,0.8
I,13.0,3.0,16.0,0.8125
K,1.0,,1.0,1.0
L,1.0,,1.0,1.0
