,pos,neg,sum,pos_pct
A,38,7,45,0.8444444444444444
B,86329,27231,113560,0.7602060584712927
C,654,62,716,0.9134078212290503
