,pos,neg,sum,pos_pct
A,13,5,18,0.7222222222222222
B,29735,9457,39192,0.7587007552561748
C,15,9,24,0.625
D,57258,17829,75087,0.7625554356945943
