,pos,neg,sum,pos_pct
A,20624,6455,27079,0.7616233982052513
B,17319,5364,22683,0.7635233434730856
C,17690,5467,23157,0.7639158785680356
D,187,43,230,0.8130434782608695
E,2660,546,3206,0.8296943231441049
F,9961,3457,13418,0.7423610076017291
G,18577,5968,24545,0.7568547565695661
